DroneID,Tasa
Drone_1,0
Drone_2,0
Drone_3,0
Drone_4,0
Drone_5,0
Drone_6,0
Drone_1,0
Drone_2,8
Drone_3,0
Drone_4,0
Drone_5,0
Drone_6,3
Drone_1,0
Drone_2,1
Drone_3,0
Drone_4,9
Drone_5,3
Drone_6,6
Drone_1,1
Drone_2,23
Drone_3,5
Drone_4,12
Drone_5,5
Drone_6,5
Drone_1,2
Drone_2,10
Drone_3,18
Drone_4,1
Drone_5,9
Drone_6,11
Drone_1,10
Drone_2,5
Drone_3,9
Drone_4,2
Drone_5,16
Drone_6,8
Drone_1,7
Drone_2,1
Drone_3,11
Drone_4,2
Drone_5,3
Drone_6,1
Drone_1,19
Drone_2,1
Drone_3,6
Drone_4,9
Drone_5,3
Drone_6,4
Drone_1,10
Drone_2,6
Drone_3,0
Drone_4,11
Drone_5,4
Drone_6,7
